order_id,order_ts,user_id,session_id,payment_method,status,shipping_city,shipping_country,gross_amount,traffic_source
10585,2026-03-01 04:24:17,251,s_251_10_6991,paypal,completed,Wien,CH,1957.0,newsletter
10416,2026-03-01 05:41:23,171,s_171_6_8913,klarna,returned,Wien,AT,208.0,instagram
10083,2026-03-01 06:04:12,36,s_36_3_1915,PayPal,completed,Zürich,CH,1927.0,linkedin
10615,2026-03-01 06:23:46,263,s_263_11_3870,apple_pay,completed,Dresden,AT,184.5,linkedin
10620,2026-03-01 08:35:39,266,s_266_0_2107,invoice,completed,Dresden,CH,234.0,instagram
10173,2026-03-01 08:36:30,76,s_76_2_3982,card,completed,Wien,DE ,3864.9,google
10364,2026-03-01 15:03:30,147,s_147_10_3078,apple_pay,completed,Hamburg,AT,1290.0,direct
10221,2026-03-01 15:24:16,94,s_94_3_5351,apple_pay,completed,Leipzig,CH,415.8,instagram
10594,2026-03-01 15:52:00,254,s_254_11_2103,invoice,cancelled,Zürich,DE,,newsletter
10231,2026-03-01 18:08:18,97,s_97_7_7871,card,completed,Hamburg,DE,1822.6,affiliate
10344,2026-03-01 18:30:24,141,s_141_6_7882,card,completed,München,DE,607.05,Google
10679,2026-03-01 18:38:20,288,s_288_4_2450,paypal,completed,Dresden,AT,321.0,direct
10053,2026-03-01 21:02:28,21,s_21_12_9049,apple_pay,completed,Wien,AT,1358.5,instagram
10532,2026-03-01 22:49:34,224,s_224_9_4176,invoice,completed,München,AT,190.0,google
10329,2026-03-02 02:55:42,134,s_134_3_7541,apple_pay,completed,Frankfurt,AT,293.4,affiliate
10591,2026-03-02 04:22:25,254,s_254_1_1932,card,completed,Frankfurt,AT,797.5,newsletter
10167,2026-03-02 06:48:40,73,s_73_2_7116,paypal,returned,Dresden,CH,206.15,affiliate
10041,2026-03-02 06:57:05,19,s_19_0_6065,klarna,completed,Wien,CH,1140.7,newsletter
10075,2026-03-02 10:34:15,31,s_31_9_7849,invoice,completed,Wien,AT,311.1,google
10571,2026-03-02 13:55:43,242,s_242_5_5758,invoice,completed,Frankfurt,AT,2107.1,direct
10097,2026-03-02 15:10:03,42,s_42_7_9278,card,completed,München,DE,2849.5,newsletter
10544,2026-03-02 15:22:49,227,s_227_8_2604,apple_pay,returned,Frankfurt,AT,178.0,direct
10456,2026-03-02 17:12:22,188,s_188_7_8447,card,completed,München,CH,234.0,google
10581,2026-03-02 17:47:58,249,s_249_0_4305,invoice,completed,Frankfurt,CH,4640.6,instagram
10335,2026-03-02 23:11:05,137,s_137_2_9700,invoice,completed,Leipzig,CH,319.45,linkedin
10338,2026-03-03 00:56:19,138,s_138_6_8129,apple_pay,completed,München,CH,671.0,affiliate
10545,2026-03-03 02:18:51,228,s_228_6_3946,paypal,returned,Dresden,AT,1326.95,google
10339,2026-03-03 03:35:16,139,s_139_7_1516,invoice,completed,Köln,AT,118.75,affiliate
10340,2026-03-03 05:50:45,139,s_139_8_4710,invoice,completed,Wien,AT,710.0,affiliate
10686,2026-03-03 07:55:27,290,s_290_9_6458,invoice,cancelled,Berlin,AT,268.0,affiliate
10423,2026-03-03 08:22:46,174,s_174_6_7398,card,completed,Frankfurt,DE,942.8,linkedin
10092,2026-03-03 09:10:48,41,s_41_4_1773,klarna,completed,Wien,AT,5124.1,newsletter
10118,2026-03-03 11:05:50,51,s_51_3_2336,apple_pay,completed,Leipzig,AT,1739.1,instagram
10419,2026-03-03 16:41:07,172,s_172_3_6851,card,cancelled,Frankfurt,AT,840.6,linkedin
10185,2026-03-03 22:44:24,81,s_81_8_7109,apple_pay,completed,Frankfurt,AT,2415.3,instagram
10495,2026-03-04 02:44:16,208,s_208_2_8861,klarna,completed,Zürich,DE,828.9,google
10137,2026-03-04 03:25:55,60,s_60_0_6682,paypal,completed,Zürich,DE,1342.0,direct
10429,2026-03-04 03:43:51,177,s_177_3_9260,invoice,completed,Köln,DE,432.0,instagram
10237,2026-03-04 06:19:08,100,s_100_12_9255,invoice,returned,Zürich,DE,416.0,direct
10260,2026-03-04 06:57:53,110,s_110_2_1249,klarna,completed,Frankfurt,CH,4755.4,direct
10479,2026-03-04 07:10:26,200,s_200_7_1344,klarna,completed,Köln,CH,120.0,direct
10067,2026-03-04 08:00:18,27,s_27_2_8614,card,completed,München,CH,1858.0,instagram
10148,2026-03-04 11:49:40,64,s_64_11_8533,card,completed,Dresden,AT,2288.0,newsletter
10327,2026-03-04 14:42:53,132,s_132_3_3097,apple_pay,completed,Hamburg,AT,2232.0,direct
10499,2026-03-04 15:54:02,209,s_209_4_1080,apple_pay,completed,Leipzig,DE,1609.8,newsletter
10531,2026-03-04 16:27:33,224,s_224_4_6062,card,completed,München,DE,2617.7,google
10277,2026-03-04 17:20:15,116,s_116_6_8128,klarna,completed,Berlin,AT,793.9,newsletter
10480,2026-03-04 21:05:04,201,s_201_8_2572,klarna,completed,Hamburg,AT,771.1,newsletter
10443,2026-03-05 01:07:53,183,s_183_1_7757,klarna,completed,Leipzig,DE,847.0,instagram
10252,2026-03-05 03:30:24,106,s_106_5_7388,paypal,completed,Frankfurt,DE,616.0,linkedin
10301,2026-03-05 06:41:55,124,s_124_7_8349,klarna,completed,Dresden,DE,250.0,linkedin
10530,2026-03-05 07:56:57,223,s_223_7_2345,invoice,returned,Köln,DE,317.0,direct
10454,2026-03-05 08:07:44,187,s_187_8_9324,klarna,cancelled,Dresden,CH,1274.0,linkedin
10473,2026-03-05 09:50:34,194,s_194_6_7885,klarna,completed,Frankfurt,DE,4290.2,instagram
10430,2026-03-05 12:36:23,177,s_177_7_3618,invoice,completed,Köln,CH,864.0,newsletter
10353,2026-03-05 16:03:45,144,s_144_2_7700,apple_pay,completed,München,DE,4742.5,instagram
10155,2026-03-05 16:28:45,68,s_68_1_4216,invoice,completed,Köln,AT,177.0,affiliate
10474,2026-03-05 16:58:59,195,s_195_6_9393,card,completed,Dresden,CH,354.0,newsletter
10538,2026-03-05 20:21:35,225,s_225_11_6786,klarna,completed,Frankfurt,CH,2164.0,direct
10145,2026-03-06 02:31:51,63,s_63_9_8081,apple_pay,completed,Wien,DE,6339.4,linkedin
10651,2026-03-06 02:44:43,279,s_279_3_4506,apple_pay,completed,Köln,DE,148.0,affiliate
10385,2026-03-06 03:03:14,159,s_159_9_1934,paypal,completed,Wien,CH,2652.4,newsletter
10139,2026-03-06 04:36:47,61,s_61_0_5891,card,completed,Berlin,DE,589.0,linkedin
10150,2026-03-06 04:46:56,66,s_66_3_3133,paypal,completed,Leipzig,CH,136.8,google
10680,2026-03-06 05:37:18,289,s_289_0_8680,paypal,returned,Stuttgart,CH,2058.3,linkedin
10063,2026-03-06 06:04:43,25,s_25_8_9642,apple_pay,completed,Berlin,CH,233.0,affiliate
10528,2026-03-06 07:06:39,223,s_223_5_1831,invoice,returned,Leipzig,CH,1129.5,google
10096,2026-03-06 11:07:45,42,s_42_3_9665,paypal,completed,Köln,AT,927.0,google
10410,2026-03-06 11:32:54,168,s_168_5_5728,invoice,completed,Zürich,DE,3212.0,direct
10557,2026-03-06 12:14:06,235,s_235_2_8112,invoice,returned,Frankfurt,AT,52.0,linkedin
10613,2026-03-06 16:03:51,263,s_263_6_4267,klarna,completed,Zürich,CH,1740.0,google
10555,2026-03-06 17:00:37,233,s_233_6_1505,apple_pay,completed,Dresden,AT,2181.85,linkedin
10228,2026-03-06 17:03:36,96,s_96_0_9929,card,completed,München,DE,987.3,affiliate
10267,2026-03-06 17:41:23,113,s_113_9_3019,card,completed,Köln,CH,148.0,linkedin
10577,2026-03-06 18:28:25,245,s_245_1_5259,invoice,completed,Wien,CH,782.85,google
10227,2026-03-06 19:36:06,95,s_95_6_1551,paypal,cancelled,Berlin,DE,1144.0,affiliate
10448,2026-03-06 19:46:11,184,s_184_2_6281,paypal,completed,Frankfurt,CH,2724.25,newsletter
10697,2026-03-06 23:24:52,294,s_294_7_6653,paypal,completed,Hamburg,AT,376.2,linkedin
10124,2026-03-07 00:39:52,55,s_55_1_1558,card,returned,München,AT,1316.15,affiliate
10215,2026-03-07 00:59:12,90,s_90_7_3538,klarna,completed,Leipzig,CH,5729.3,instagram
10068,2026-03-07 02:54:48,27,s_27_4_4423,apple_pay,completed,Dresden,AT,1074.6,newsletter
10391,2026-03-07 03:21:52,162,s_162_2_5910,apple_pay,completed,Wien,CH,954.35,newsletter
10094,2026-03-07 08:59:00,41,s_41_10_9529,apple_pay,completed,Hamburg,DE,1126.9,linkedin
10058,2026-03-07 12:34:34,23,s_23_0_7712,paypal,cancelled,München,DE,536.0,instagram
10292,2026-03-07 14:17:46,122,s_122_1_6029,klarna,completed,Frankfurt,DE,2433.4,newsletter
10372,2026-03-07 15:30:53,153,s_153_0_6294,invoice,completed,Hamburg,AT,1607.4,linkedin
10469,2026-03-07 16:40:52,194,s_194_0_9892,klarna,completed,Zürich,DE,3044.2,newsletter
10582,2026-03-07 18:26:42,250,s_250_0_8724,card,completed,Zürich,DE,469.3,affiliate
10512,2026-03-07 21:56:16,215,s_215_6_7563,paypal,completed,Köln,DE,2755.0,linkedin
10595,2026-03-08 04:18:38,255,s_255_1_2295,paypal,completed,Hamburg,CH,395.25,instagram
10527,2026-03-08 05:24:44,223,s_223_1_4451,card,completed,Berlin,AT,30.0,direct
10028,2026-03-08 05:38:40,11,s_11_1_3944,paypal,completed,Wien,CH,3988.05,direct
10681,2026-03-08 06:09:07,289,s_289_4_2528,paypal,completed,Hamburg,AT,1487.0,linkedin
10637,2026-03-08 06:52:11,273,s_273_2_2370,klarna,completed,Hamburg,DE,1274.0,linkedin
10392,2026-03-08 10:52:46,162,s_162_3_4321,klarna,completed,Wien,AT,901.15,newsletter
10449,2026-03-08 12:55:19,184,s_184_5_7535,paypal,completed,Stuttgart,CH,2122.9,direct
10305,2026-03-08 13:48:48,125,s_125_5_2807,card,completed,Köln,AT,39.0,affiliate
10616,2026-03-08 17:46:18,264,s_264_4_6814,card,completed,Köln,CH,2386.6,instagram
10517,2026-03-08 19:09:48,218,s_218_0_3481,klarna,completed,Stuttgart,AT,184.45,instagram
10186,2026-03-08 20:46:21,82,s_82_0_9487,apple_pay,completed,Berlin,CH,2879.8,affiliate
10307,2026-03-08 21:43:51,125,s_125_9_3065,apple_pay,completed,Köln,DE,234.0,newsletter
10356,2026-03-09 00:46:57,145,s_145_6_4296,card,returned,Frankfurt,AT,401.8,direct
10578,2026-03-09 00:59:05,245,s_245_7_5094,card,cancelled,Zürich,CH,442.0,instagram
10514,2026-03-09 03:08:24,216,s_216_2_3620,apple_pay,completed,Berlin,CH,94.35,linkedin
10351,2026-03-09 04:23:52,144,s_144_0_4745,klarna,completed,Dresden,CH,3678.45,linkedin
10284,2026-03-09 05:48:33,119,s_119_0_1992,apple_pay,completed,Frankfurt,AT,6302.0,affiliate
10109,2026-03-09 10:41:25,46,s_46_3_9610,klarna,completed,Stuttgart,CH,202.0,newsletter
10333,2026-03-09 12:06:34,136,s_136_1_4785,apple_pay,completed,Hamburg,AT,2986.0,newsletter
10481,2026-03-10 00:27:59,201,s_201_10_5448,apple_pay,cancelled,Leipzig,CH,304.0,direct
10401,2026-03-10 02:30:42,166,s_166_3_6050,apple_pay,completed,Dresden,DE,2847.6,linkedin
10081,2026-03-10 02:52:29,35,s_35_10_4714,klarna,completed,Köln,AT,2248.0,linkedin
10427,2026-03-10 03:43:58,176,s_176_4_1068,invoice,completed,Zürich,DE,2612.6,linkedin
10605,2026-03-10 03:45:55,259,s_259_15_2306,paypal,completed,Zürich,DE,4016.0,google
10641,2026-03-10 05:48:40,275,s_275_7_1339,klarna,completed,Zürich,DE,3259.35,google
10586,2026-03-10 07:43:54,252,s_252_0_1954,card,completed,Berlin,AT,2186.0,google
10049,2026-03-10 08:58:53,20,s_20_12_9720,invoice,completed,Stuttgart,DE,177.0,instagram
10522,2026-03-10 09:12:38,220,s_220_4_3818,card,completed,Köln,CH,704.9,linkedin
10159,2026-03-10 11:03:52,70,s_70_2_2058,klarna,completed,Köln,AT,618.6,google
10126,2026-03-10 11:40:49,55,s_55_5_8209,apple_pay,completed,Stuttgart,AT,5336.9,google
10698,2026-03-10 12:48:47,295,s_295_1_8097,invoice,returned,Leipzig,CH,230.0,newsletter
10135,2026-03-10 14:52:08,59,s_59_3_6497,apple_pay,completed,Leipzig,CH,1551.5,linkedin
10015,2026-03-10 16:45:29,5,s_5_9_5144,klarna,completed,München,DE,1102.0,direct
10395,2026-03-10 23:55:08,162,s_162_10_1905,apple_pay,completed,Hamburg,AT,871.55,direct
10275,2026-03-11 00:57:09,115,s_115_2_3131,card,completed,Leipzig,CH,2353.2,newsletter
10655,2026-03-11 03:17:19,280,s_280_3_9163,invoice,completed,Stuttgart,AT,721.0,affiliate
10253,2026-03-11 04:14:15,107,s_107_10_1393,klarna,completed,Wien,DE,2060.0,newsletter
10274,2026-03-11 05:24:24,114,s_114_18_5340,klarna,completed,Köln,DE,2538.0,google
10211,2026-03-11 07:38:18,90,s_90_0_2114,invoice,completed,Leipzig,DE,637.0,instagram
10241,2026-03-11 08:54:45,102,s_102_4_3225,klarna,returned,Hamburg,DE,1886.0,direct
10293,2026-03-11 09:18:47,122,s_122_4_2729,klarna,completed,Berlin,DE,1256.4,direct
10523,2026-03-11 09:58:50,220,s_220_9_7418,klarna,completed,Dresden,CH,1154.0,linkedin
10445,2026-03-11 09:59:35,183,s_183_8_2322,klarna,completed,Dresden,CH,3578.0,affiliate
10289,2026-03-11 10:01:36,120,s_120_0_6901,klarna,cancelled,Hamburg,CH,964.55,google
10250,2026-03-11 10:02:46,105,s_105_4_9279,invoice,completed,Leipzig,CH,1944.8,linkedin
10688,2026-03-11 11:17:24,291,s_291_6_6442,invoice,completed,München,AT,1153.0,google
10017,2026-03-11 11:26:16,6,s_6_2_8099,invoice,cancelled,Stuttgart,AT,215.9,newsletter
10220,2026-03-11 13:07:26,93,s_93_0_7928,paypal,completed,Berlin,CH,3433.4,linkedin
10579,2026-03-11 14:19:00,246,s_246_0_5501,paypal,completed,Wien,AT,3201.0,linkedin
10460,2026-03-11 16:36:47,189,s_189_10_2115,invoice,completed,Frankfurt,AT,1287.35,direct
10180,2026-03-11 21:37:25,79,s_79_6_9417,paypal,completed,Hamburg,AT,2092.0,google
10176,2026-03-11 22:39:28,78,s_78_3_1706,apple_pay,completed,Köln,DE,849.3,newsletter
10386,2026-03-11 23:13:21,159,s_159_10_3912,klarna,completed,Dresden,CH,935.45,affiliate
10179,2026-03-12 01:43:54,79,s_79_4_2018,apple_pay,completed,Hamburg,CH,420.0,google
10296,2026-03-12 02:50:09,122,s_122_12_9946,card,completed,Dresden,AT,617.1,affiliate
10268,2026-03-12 03:13:47,113,s_113_10_5840,paypal,completed,Stuttgart,DE,1038.35,newsletter
10110,2026-03-12 03:57:09,46,s_46_5_2835,klarna,cancelled,Zürich,CH,890.6,affiliate
10164,2026-03-12 05:51:22,72,s_72_5_8657,klarna,completed,Dresden,CH,5317.0,affiliate
10107,2026-03-12 06:18:19,44,s_44_8_1816,paypal,completed,Stuttgart,CH,1722.0,google
10311,2026-03-12 06:19:57,127,s_127_10_9981,invoice,completed,Wien,AT,146.2,direct
10021,2026-03-12 06:54:48,8,s_8_4_4232,paypal,completed,Leipzig,AT,292.6,newsletter
10659,2026-03-12 12:12:52,281,s_281_3_6787,invoice,completed,Stuttgart,CH,163.0,google
10052,2026-03-12 14:20:14,21,s_21_7_8695,paypal,completed,Wien,AT,4690.75,direct
10417,2026-03-12 15:02:50,171,s_171_7_9123,klarna,completed,Stuttgart,CH,1692.0,google
10323,2026-03-12 17:09:54,130,s_130_0_6351,invoice,completed,Wien,CH,737.0,affiliate
10436,2026-03-12 20:13:20,180,s_180_5_3383,paypal,completed,Frankfurt,AT,1085.2,google
10569,2026-03-13 00:55:51,241,s_241_4_3485,klarna,completed,München,CH,466.0,newsletter
10023,2026-03-13 02:02:59,8,s_8_8_1768,apple_pay,completed,Berlin,CH,1414.6,newsletter
10138,2026-03-13 02:48:39,60,s_60_7_8672,card,completed,Stuttgart,AT,116.0,linkedin
10282,2026-03-13 04:42:37,118,s_118_7_9392,invoice,completed,Frankfurt,DE,4972.0,google
10359,2026-03-13 06:16:50,146,s_146_4_9701,apple_pay,completed,Dresden,DE,537.7,linkedin
10576,2026-03-13 07:29:24,245,s_245_0_3447,apple_pay,completed,München,DE,1488.0,instagram
10146,2026-03-13 08:18:46,64,s_64_2_8963,card,completed,Köln,CH,516.0,linkedin
10249,2026-03-13 11:00:42,105,s_105_0_8458,invoice,cancelled,Leipzig,CH,5136.0,newsletter
10564,2026-03-13 13:51:49,236,s_236_9_8409,klarna,completed,Köln,DE,89.0,affiliate
10559,2026-03-13 14:40:44,235,s_235_9_2644,klarna,completed,Dresden,CH,919.0,affiliate
10453,2026-03-13 15:50:20,186,s_186_4_3173,invoice,completed,Frankfurt,DE,921.0,newsletter
10066,2026-03-13 17:40:29,27,s_27_1_7076,klarna,completed,Zürich,CH,1408.0,newsletter
10162,2026-03-13 19:04:04,70,s_70_7_7864,klarna,completed,Wien,DE,2957.65,affiliate
10647,2026-03-13 19:16:07,277,s_277_2_5511,apple_pay,completed,Hamburg,AT,4003.0,linkedin
10516,2026-03-13 20:25:36,217,s_217_4_8651,card,completed,Wien,CH,5135.8,direct
10671,2026-03-13 21:18:31,285,s_285_9_1864,invoice,completed,Wien,CH,735.6,linkedin
10229,2026-03-13 22:21:48,96,s_96_2_3818,card,completed,Hamburg,DE,1542.8,instagram
10246,2026-03-14 00:56:11,103,s_103_6_2940,paypal,completed,Berlin,DE,1214.5,direct
10106,2026-03-14 01:36:12,44,s_44_3_3485,invoice,completed,Zürich,DE,659.4,instagram
10653,2026-03-14 05:58:01,279,s_279_8_8886,apple_pay,completed,Zürich,AT,46.8,instagram
10295,2026-03-14 06:58:12,122,s_122_10_2471,apple_pay,completed,München,AT,2061.3,instagram
10691,2026-03-14 08:50:57,292,s_292_4_2875,invoice,completed,Frankfurt,DE,1676.6,instagram
10518,2026-03-14 12:02:17,218,s_218_1_6084,paypal,completed,Wien,CH,3227.7,direct
10064,2026-03-14 13:15:30,26,s_26_0_4952,klarna,returned,Dresden,DE,2946.7,direct
10244,2026-03-14 13:35:50,103,s_103_4_2857,paypal,completed,Wien,AT,3928.0,affiliate
10574,2026-03-14 15:41:42,243,s_243_4_2384,paypal,completed,Dresden,AT,111.0,affiliate
10415,2026-03-14 16:21:12,171,s_171_3_1974,apple_pay,completed,Hamburg,AT,2922.5,linkedin
10022,2026-03-14 17:08:45,8,s_8_7_3190,paypal,completed,Frankfurt,CH,52.0,instagram
10130,2026-03-14 18:19:51,56,s_56_10_4427,paypal,completed,Berlin,CH,106.25,affiliate
10431,2026-03-14 18:37:32,178,s_178_1_5308,apple_pay,completed,Frankfurt,AT,1198.0,newsletter
10502,2026-03-14 19:15:34,210,s_210_1_2882,card,completed,Hamburg,AT,2740.4,affiliate
10348,2026-03-14 19:24:35,143,s_143_2_1250,paypal,completed,Hamburg,AT,2525.0,newsletter
10151,2026-03-14 20:11:51,66,s_66_7_8878,apple_pay,completed,Stuttgart,DE,876.7,direct
10319,2026-03-14 21:23:55,129,s_129_3_3461,paypal,completed,Wien,DE,94.35,google
10136,2026-03-14 22:44:32,59,s_59_6_3050,paypal,completed,Stuttgart,DE,543.4,affiliate
10366,2026-03-14 23:23:02,150,s_150_4_5408,klarna,completed,Berlin,CH,336.3,instagram
10558,2026-03-15 00:13:10,235,s_235_8_9082,klarna,completed,Stuttgart,DE,2016.0,instagram
10314,2026-03-15 03:04:03,128,s_128_7_7478,invoice,completed,Hamburg,CH,5035.0,instagram
10693,2026-03-15 04:25:26,293,s_293_0_7488,paypal,completed,Berlin,AT,266.0,newsletter
10037,2026-03-15 06:31:49,17,s_17_11_3904,apple_pay,completed,Frankfurt,AT,1095.35,affiliate
10320,2026-03-15 09:26:53,129,s_129_4_9435,klarna,completed,Stuttgart,DE,2626.0,instagram
10018,2026-03-15 10:28:05,6,s_6_10_9521,paypal,completed,Dresden,AT,5093.5,affiliate
10575,2026-03-15 10:52:06,243,s_243_6_3862,invoice,completed,Berlin,DE,3397.35,instagram
10501,2026-03-15 11:31:07,209,s_209_8_4718,klarna,returned,Zürich,DE,3036.5,affiliate
10004,2026-03-15 12:22:10,2,s_2_3_2974,apple_pay,completed,Köln,CH,1327.95,newsletter
10184,2026-03-15 13:20:13,81,s_81_1_7870,invoice,completed,München,CH,4880.0,linkedin
10216,2026-03-15 15:47:01,91,s_91_0_1656,invoice,completed,Berlin,AT,812.65,google
10288,2026-03-15 16:46:53,119,s_119_14_5345,invoice,completed,München,AT,1276.7,google
10172,2026-03-15 20:16:20,76,s_76_0_3595,klarna,cancelled,München,CH,221.4,linkedin
10487,2026-03-15 22:26:59,203,s_203_5_3561,apple_pay,completed,Wien,AT,388.8,google
10078,2026-03-15 22:43:36,34,s_34_1_2184,invoice,completed,Frankfurt,AT,2054.15,affiliate
10402,2026-03-16 00:14:54,166,s_166_7_6030,apple_pay,completed,Leipzig,DE,1042.15,affiliate
10046,2026-03-16 00:49:37,20,s_20_4_6258,apple_pay,completed,München,AT,418.0,newsletter
10032,2026-03-16 04:12:47,13,s_13_2_2956,card,completed,München,DE,2032.0,direct
10140,2026-03-16 06:01:35,61,s_61_2_2860,apple_pay,completed,Frankfurt,AT,25.5,google
10617,2026-03-16 09:21:08,264,s_264_5_1743,invoice,completed,Köln,AT,934.0,google
10175,2026-03-16 13:01:28,78,s_78_0_7335,apple_pay,completed,Leipzig,DE,1720.0,direct
10194,2026-03-16 13:17:24,84,s_84_8_9324,apple_pay,returned,Frankfurt,AT,2350.7,direct
10201,2026-03-16 16:10:53,87,s_87_8_5573,card,completed,Frankfurt,DE,1146.8,newsletter
10399,2026-03-16 18:46:07,165,s_165_8_3030,invoice,completed,Köln,AT,792.0,affiliate
10074,2026-03-16 19:39:49,31,s_31_8_7312,invoice,returned,Zürich,CH,505.4,affiliate
10375,2026-03-16 21:40:41,155,s_155_1_7583,invoice,returned,Stuttgart,DE,464.55,google
10490,2026-03-16 23:14:52,206,s_206_0_5799,card,completed,Stuttgart,CH,158.0,instagram
10446,2026-03-17 01:14:36,183,s_183_10_8398,apple_pay,completed,München,AT,1492.65,newsletter
10669,2026-03-17 02:28:14,285,s_285_5_2765,invoice,completed,Hamburg,AT,1612.0,linkedin
10195,2026-03-17 02:33:40,84,s_84_11_3559,paypal,completed,Berlin,AT,1816.4,google
10062,2026-03-17 04:17:23,25,s_25_5_7377,apple_pay,completed,Stuttgart,CH,795.6,linkedin
10588,2026-03-17 04:28:40,253,s_253_2_9047,card,completed,Zürich,AT,1888.8,direct
10111,2026-03-17 04:56:47,48,s_48_4_4617,klarna,completed,Leipzig,AT,2347.7,newsletter
10132,2026-03-17 05:59:23,58,s_58_0_9112,invoice,completed,Zürich,AT,1193.4,instagram
10547,2026-03-17 08:33:07,229,s_229_7_6389,klarna,cancelled,Zürich,AT,1303.0,instagram
10627,2026-03-17 14:08:27,268,s_268_11_9467,invoice,completed,Hamburg,AT,220.0,instagram
10563,2026-03-17 14:21:44,236,s_236_4_1422,apple_pay,completed,Stuttgart,DE,2986.0,affiliate
10464,2026-03-17 14:31:53,191,s_191_7_3431,paypal,completed,Berlin,AT,2789.2,linkedin
10273,2026-03-17 15:25:31,114,s_114_13_3508,klarna,completed,Zürich,AT,364.0,instagram
10223,2026-03-17 17:22:51,94,s_94_5_2508,apple_pay,cancelled,Wien,CH,564.1,affiliate
10182,2026-03-17 20:03:51,79,s_79_12_5718,invoice,returned,Leipzig,DE,110.0,google
10521,2026-03-18 02:41:59,220,s_220_2_7416,klarna,completed,Frankfurt,DE,3558.7,affiliate
10425,2026-03-18 03:59:34,175,s_175_6_3192,klarna,cancelled,München,AT,154.85,instagram
10370,2026-03-18 09:20:16,152,s_152_5_1472,apple_pay,returned,Wien,CH,203.0,instagram
10233,2026-03-18 09:40:58,98,s_98_10_5156,card,completed,Leipzig,DE,478.8,instagram
10042,2026-03-18 12:18:25,19,s_19_1_6631,klarna,completed,Wien,DE,3010.9,instagram
10477,2026-03-18 12:54:55,200,s_200_5_3962,klarna,completed,München,CH,5717.3,instagram
10412,2026-03-18 15:03:31,169,s_169_9_6620,paypal,completed,Köln,AT,248.0,instagram
10156,2026-03-18 20:50:35,68,s_68_4_5613,paypal,completed,Hamburg,CH,3264.45,affiliate
10365,2026-03-18 21:43:58,149,s_149_1_7755,paypal,completed,Zürich,CH,4446.7,google
10492,2026-03-19 00:24:45,207,s_207_0_6380,klarna,completed,Zürich,CH,875.5,affiliate
10026,2026-03-19 01:04:31,10,s_10_2_9656,klarna,completed,Berlin,AT,2325.0,direct
10656,2026-03-19 01:11:41,280,s_280_6_6773,card,completed,Frankfurt,CH,71.0,affiliate
10409,2026-03-19 01:19:31,168,s_168_3_1886,paypal,cancelled,Stuttgart,AT,3296.0,instagram
10113,2026-03-19 02:13:08,50,s_50_2_7413,invoice,completed,Hamburg,DE,117.0,direct
10672,2026-03-19 06:30:45,286,s_286_2_1752,invoice,completed,Zürich,DE,964.0,direct
10226,2026-03-19 06:39:04,95,s_95_2_9192,apple_pay,completed,Hamburg,CH,104.0,newsletter
10127,2026-03-19 08:08:57,56,s_56_3_1972,invoice,completed,Zürich,CH,2020.2,newsletter
10256,2026-03-19 08:25:21,108,s_108_2_9111,apple_pay,completed,Köln,AT,821.1,linkedin
10300,2026-03-19 10:17:32,124,s_124_4_8208,paypal,completed,Berlin,AT,2676.7,affiliate
10251,2026-03-19 12:21:42,105,s_105_12_6835,klarna,completed,Dresden,DE,2424.0,google
10219,2026-03-19 18:52:09,91,s_91_8_3116,paypal,completed,Zürich,AT,3312.0,google
10489,2026-03-19 20:45:49,205,s_205_3_5738,card,completed,Dresden,AT,418.2,affiliate
10080,2026-03-19 21:00:32,34,s_34_8_3424,card,cancelled,Stuttgart,DE,193.8,google
10061,2026-03-19 21:06:39,25,s_25_3_6849,klarna,completed,Stuttgart,AT,3543.8,direct
10213,2026-03-20 00:27:39,90,s_90_2_5512,apple_pay,completed,Wien,CH,479.1,google
10556,2026-03-20 04:03:03,234,s_234_2_3311,card,completed,Zürich,AT,4792.0,newsletter
10050,2026-03-20 07:49:18,21,s_21_3_7491,paypal,completed,München,DE,3625.05,newsletter
10476,2026-03-20 09:56:56,199,s_199_2_1273,invoice,completed,München,DE,494.0,linkedin
10396,2026-03-20 11:04:28,162,s_162_14_6643,card,returned,München,CH,1116.0,direct
10497,2026-03-20 14:24:35,208,s_208_7_1304,card,completed,Köln,AT,209.1,google
10047,2026-03-20 14:44:37,20,s_20_6_9136,apple_pay,completed,Wien,CH,520.0,linkedin
10368,2026-03-20 14:50:15,151,s_151_5_7530,invoice,completed,Berlin,DE,1285.2,direct
10337,2026-03-20 17:17:37,138,s_138_3_7850,apple_pay,completed,Berlin,DE,801.55,direct
10483,2026-03-20 18:23:20,202,s_202_5_3068,invoice,completed,Wien,AT,4092.0,linkedin
10562,2026-03-21 00:25:12,236,s_236_2_8710,paypal,cancelled,Frankfurt,CH,1662.0,newsletter
10599,2026-03-21 01:52:27,257,s_257_15_5562,card,completed,Berlin,CH,1621.6,instagram
10116,2026-03-21 03:07:33,51,s_51_0_1807,invoice,completed,Dresden,CH,2134.3,direct
10455,2026-03-21 09:51:14,188,s_188_5_5370,card,completed,Hamburg,DE,190.0,linkedin
10291,2026-03-21 10:58:09,121,s_121_4_6097,card,completed,Berlin,CH,364.2,direct
10266,2026-03-21 13:45:46,112,s_112_7_2633,invoice,completed,Berlin,CH,896.0,linkedin
10645,2026-03-21 13:52:54,276,s_276_10_1952,card,completed,Frankfurt,CH,218.95,affiliate
10634,2026-03-21 13:58:57,271,s_271_3_1944,klarna,completed,Leipzig,CH,7284.6,newsletter
10570,2026-03-21 14:57:18,241,s_241_5_7691,klarna,completed,Köln,DE,727.6,affiliate
10165,2026-03-21 15:51:34,72,s_72_7_2056,apple_pay,completed,Zürich,DE,546.1,direct
10006,2026-03-21 18:10:10,2,s_2_11_9368,paypal,completed,München,AT,983.0,instagram
10312,2026-03-21 18:16:58,128,s_128_2_3204,paypal,completed,Zürich,DE,700.15,linkedin
10171,2026-03-21 20:59:27,75,s_75_4_3149,apple_pay,completed,Dresden,AT,1999.05,instagram
10098,2026-03-21 21:55:46,42,s_42_9_4263,apple_pay,completed,München,AT,4255.9,direct
10552,2026-03-21 22:08:35,232,s_232_1_8250,invoice,completed,Leipzig,AT,2697.0,linkedin
10542,2026-03-21 22:26:56,226,s_226_7_8187,invoice,completed,Frankfurt,DE,3714.0,google
10214,2026-03-21 23:04:42,90,s_90_5_6309,klarna,returned,Köln,AT,1621.0,newsletter
10332,2026-03-21 23:31:02,135,s_135_9_8171,invoice,completed,Stuttgart,DE,1404.0,direct
10190,2026-03-22 02:53:54,82,s_82_10_6920,invoice,completed,Leipzig,CH,943.0,direct
10628,2026-03-22 09:44:09,268,s_268_12_9608,card,cancelled,Hamburg,CH,1626.2,direct
10286,2026-03-22 09:48:02,119,s_119_7_7883,invoice,completed,Frankfurt,CH,204.0,direct
10178,2026-03-22 09:59:22,79,s_79_2_1159,klarna,completed,Dresden,AT,1749.9,newsletter
10281,2026-03-22 14:15:23,118,s_118_1_4075,apple_pay,completed,Dresden,AT,740.0,affiliate
10318,2026-03-22 14:32:48,129,s_129_2_3547,paypal,completed,Leipzig,AT,183.0,google
10486,2026-03-22 14:36:42,203,s_203_1_6841,apple_pay,completed,Zürich,DE,375.7,instagram
10604,2026-03-22 15:00:14,259,s_259_14_9604,card,completed,München,AT,1141.0,linkedin
10565,2026-03-22 15:29:26,237,s_237_5_5421,paypal,completed,Stuttgart,CH,2688.0,linkedin
10349,2026-03-23 02:37:09,143,s_143_7_6962,klarna,cancelled,Dresden,DE,2168.0,newsletter
10470,2026-03-23 03:26:03,194,s_194_1_1482,invoice,cancelled,Wien,DE,52.0,newsletter
10589,2026-03-23 05:37:43,253,s_253_5_6159,apple_pay,completed,Berlin,AT,2311.4,linkedin
10491,2026-03-23 07:20:42,206,s_206_4_7757,apple_pay,completed,Köln,AT,102.0,linkedin
10143,2026-03-23 08:04:28,63,s_63_6_7918,apple_pay,completed,München,AT,1258.0,direct
10325,2026-03-23 13:00:33,131,s_131_5_5669,paypal,returned,Wien,AT,1051.0,instagram
10428,2026-03-23 14:10:06,176,s_176_7_6611,apple_pay,completed,Berlin,AT,1312.0,newsletter
10341,2026-03-23 14:23:30,140,s_140_3_2938,apple_pay,completed,Berlin,DE,1585.55,instagram
10548,2026-03-23 16:06:37,230,s_230_3_4297,apple_pay,completed,Berlin,DE,832.0,newsletter
10131,2026-03-23 17:13:51,57,s_57_8_4205,invoice,completed,Zürich,DE,168.15,linkedin
10235,2026-03-23 18:34:37,99,s_99_4_9365,paypal,returned,Berlin,CH,2612.5,affiliate
10330,2026-03-23 18:54:15,134,s_134_7_8643,paypal,completed,Stuttgart,DE,2740.4,linkedin
10100,2026-03-23 19:16:51,43,s_43_0_6562,card,completed,Wien,CH,919.0,instagram
10593,2026-03-23 20:50:32,254,s_254_6_3019,klarna,completed,Wien,DE,2560.0,affiliate
10343,2026-03-23 21:12:41,141,s_141_4_3630,klarna,completed,Wien,DE,1903.0,instagram
10648,2026-03-23 23:54:09,277,s_277_4_8794,apple_pay,completed,Berlin,DE,3379.0,linkedin
10524,2026-03-24 02:02:20,221,s_221_2_2682,invoice,completed,Köln,AT,48.45,affiliate
10553,2026-03-24 06:03:55,232,s_232_3_3916,paypal,completed,Frankfurt,CH,1975.15,instagram
10551,2026-03-24 08:34:34,231,s_231_10_7325,card,returned,Frankfurt,DE,1854.6,instagram
10663,2026-03-24 09:29:44,281,s_281_10_7886,paypal,completed,Hamburg,CH,25.5,newsletter
10692,2026-03-24 15:04:29,292,s_292_8_7851,card,returned,Stuttgart,AT,708.0,newsletter
10152,2026-03-24 18:13:24,66,s_66_9_4899,apple_pay,completed,Stuttgart,AT,497.6,instagram
10626,2026-03-24 18:58:21,268,s_268_9_2676,apple_pay,completed,Wien,AT,3260.5,instagram
10461,2026-03-24 19:39:10,190,s_190_6_5381,invoice,completed,München,CH,178.0,newsletter
10247,2026-03-24 21:34:31,104,s_104_5_7592,invoice,completed,Dresden,DE,1287.95,newsletter
10315,2026-03-24 22:34:36,128,s_128_9_8304,apple_pay,completed,Berlin,AT,1176.0,affiliate
10696,2026-03-25 05:29:38,294,s_294_5_1704,apple_pay,completed,Dresden,CH,1204.0,direct
10035,2026-03-25 08:30:00,17,s_17_4_2370,klarna,completed,Köln,DE,781.15,direct
10125,2026-03-25 09:09:49,55,s_55_3_5446,card,completed,Berlin,AT,1371.3,linkedin
10230,2026-03-25 09:30:04,97,s_97_6_9266,paypal,completed,Berlin,CH,3926.0,linkedin
10382,2026-03-25 11:27:28,158,s_158_0_2980,paypal,completed,Zürich,DE,383.2,instagram
10607,2026-03-25 13:21:04,260,s_260_3_6824,paypal,completed,Stuttgart,AT,172.0,google
10008,2026-03-25 18:53:14,4,s_4_1_3185,klarna,returned,Köln,DE,700.15,newsletter
10360,2026-03-26 00:42:53,146,s_146_7_1429,invoice,returned,Wien,DE,1030.0,affiliate
10245,2026-03-26 01:11:43,103,s_103_5_5080,card,completed,Berlin,CH,6126.0,direct
10038,2026-03-26 03:08:28,17,s_17_16_8288,invoice,completed,Hamburg,CH,416.0,google
10302,2026-03-26 03:33:03,125,s_125_0_1216,apple_pay,completed,Leipzig,CH,201.45,direct
10668,2026-03-26 03:40:43,283,s_283_0_8173,paypal,completed,Hamburg,AT,1162.4,newsletter
10036,2026-03-26 04:31:01,17,s_17_6_8421,apple_pay,completed,Leipzig,CH,1858.1,affiliate
10071,2026-03-26 05:00:38,30,s_30_1_3332,invoice,completed,Wien,AT,409.0,affiliate
10069,2026-03-26 05:12:45,27,s_27_6_4300,apple_pay,completed,Stuttgart,CH,194.8,affiliate
10261,2026-03-26 06:52:55,110,s_110_5_7220,card,completed,Leipzig,CH,574.0,linkedin
10403,2026-03-26 10:15:51,166,s_166_8_7153,klarna,completed,Berlin,CH,866.0,instagram
10408,2026-03-26 11:05:03,168,s_168_2_8632,invoice,completed,Leipzig,AT,14.25,direct
10059,2026-03-26 12:40:14,24,s_24_6_7288,invoice,cancelled,Dresden,DE,2718.4,newsletter
10633,2026-03-26 12:42:17,271,s_271_1_2265,card,completed,München,DE,637.45,google
10560,2026-03-26 14:19:33,235,s_235_10_4099,apple_pay,completed,Hamburg,AT,1436.85,direct
10374,2026-03-26 16:55:51,154,s_154_4_9038,paypal,completed,Hamburg,CH,1616.0,instagram
10687,2026-03-26 19:05:44,291,s_291_3_6511,apple_pay,completed,Hamburg,CH,320.6,newsletter
10103,2026-03-26 23:25:43,43,s_43_6_3575,card,cancelled,Berlin,CH,1987.0,affiliate
10572,2026-03-27 02:54:48,242,s_242_18_2165,paypal,returned,Stuttgart,DE,2190.7,newsletter
10406,2026-03-27 03:29:05,167,s_167_5_2606,klarna,completed,Leipzig,AT,389.7,newsletter
10222,2026-03-27 08:13:45,94,s_94_4_8931,klarna,completed,Zürich,AT,1307.0,google
10108,2026-03-27 10:25:44,46,s_46_2_1875,invoice,completed,Zürich,AT,1313.0,newsletter
10122,2026-03-27 17:31:11,53,s_53_3_8768,paypal,completed,Berlin,AT,2399.8,instagram
10276,2026-03-27 18:11:52,115,s_115_8_8637,paypal,completed,Köln,DE,434.0,instagram
10014,2026-03-27 20:12:44,5,s_5_5_3513,paypal,cancelled,Zürich,CH,778.35,instagram
10357,2026-03-27 20:43:43,146,s_146_1_6860,paypal,completed,Hamburg,DE,2003.7,direct
10426,2026-03-27 21:21:24,176,s_176_2_7599,paypal,completed,Berlin,AT,239.0,direct
10346,2026-03-27 21:29:15,142,s_142_0_3426,apple_pay,completed,Berlin,CH,418.2,linkedin
10529,2026-03-27 21:35:39,223,s_223_6_5782,card,completed,Stuttgart,CH,400.9,google
10612,2026-03-27 22:15:38,262,s_262_2_3207,invoice,completed,Dresden,DE,2055.75,google
10465,2026-03-28 00:22:20,192,s_192_1_4309,invoice,completed,München,AT,2906.55,affiliate
10377,2026-03-28 00:52:18,155,s_155_5_4418,apple_pay,returned,Zürich,DE,316.2,linkedin
10309,2026-03-28 02:03:13,126,s_126_9_1927,paypal,completed,Hamburg,CH,90.25,instagram
10306,2026-03-28 06:18:59,125,s_125_7_5012,invoice,completed,Köln,AT,2503.1,linkedin
10622,2026-03-28 08:08:27,266,s_266_10_5092,apple_pay,completed,Frankfurt,DE,1369.4,google
10242,2026-03-28 09:41:13,102,s_102_9_7436,apple_pay,completed,Stuttgart,AT,408.0,google
10580,2026-03-28 10:01:10,247,s_247_0_5274,apple_pay,completed,Wien,AT,1191.7,linkedin
10115,2026-03-28 10:21:51,50,s_50_6_8350,apple_pay,completed,Köln,AT,1035.3,linkedin
10540,2026-03-28 11:08:52,226,s_226_3_9606,klarna,completed,Berlin,CH,858.6,instagram
10240,2026-03-28 12:08:24,101,s_101_5_3367,apple_pay,completed,Wien,CH,2187.2,linkedin
10204,2026-03-28 12:09:10,88,s_88_10_4588,invoice,completed,Leipzig,AT,728.0,direct
10009,2026-03-28 23:00:47,4,s_4_3_4250,klarna,completed,Frankfurt,AT,474.0,instagram
10543,2026-03-29 00:58:14,227,s_227_7_4484,paypal,completed,Hamburg,DE,3495.0,direct
10350,2026-03-29 02:48:03,143,s_143_9_8755,paypal,completed,München,AT,364.0,affiliate
10705,2026-03-29 04:29:02,300,s_300_16_6507,invoice,completed,Hamburg,AT,190.0,google
10234,2026-03-29 10:34:38,99,s_99_1_3037,paypal,cancelled,Frankfurt,DE,2029.8,direct
10703,2026-03-29 10:45:50,300,s_300_13_9062,apple_pay,cancelled,Köln,CH,1432.7,newsletter
10044,2026-03-29 14:34:13,19,s_19_8_6423,card,completed,München,CH,177.0,direct
10043,2026-03-30 02:14:34,19,s_19_5_9997,klarna,cancelled,Zürich,DE,389.5,linkedin
10411,2026-03-30 04:23:26,169,s_169_2_8568,paypal,cancelled,München,CH,1066.75,newsletter
10584,2026-03-30 05:54:52,251,s_251_7_1735,invoice,completed,Zürich,AT,3280.9,google
10383,2026-03-30 06:20:55,158,s_158_5_2579,apple_pay,completed,Köln,AT,965.7,google
10157,2026-03-30 08:11:23,69,s_69_1_8788,paypal,completed,Stuttgart,CH,96.9,google
10384,2026-03-30 08:22:13,158,s_158_8_2265,apple_pay,completed,Frankfurt,DE,3956.4,affiliate
10031,2026-03-30 09:17:12,13,s_13_1_2424,klarna,completed,Berlin,AT,4130.3,google
10515,2026-03-30 10:15:51,216,s_216_5_2545,apple_pay,completed,Zürich,AT,1967.4,linkedin
10674,2026-03-30 10:39:07,286,s_286_9_5885,invoice,completed,Hamburg,DE,1604.0,google
10007,2026-03-30 10:58:56,3,s_3_0_6841,invoice,completed,Leipzig,CH,1154.0,affiliate
10358,2026-03-30 11:57:38,146,s_146_3_1384,card,completed,Stuttgart,AT,700.7,newsletter
10243,2026-03-30 12:56:13,103,s_103_2_1458,invoice,completed,Frankfurt,DE,2315.7,google
10193,2026-03-30 14:07:19,84,s_84_2_6744,card,completed,Berlin,CH,1964.7,newsletter
10378,2026-03-30 15:14:48,155,s_155_9_1173,card,completed,Köln,CH,2159.0,newsletter
10163,2026-03-30 15:28:22,72,s_72_1_3015,card,completed,Berlin,DE,2306.0,direct
10493,2026-03-30 17:12:27,207,s_207_6_6247,klarna,completed,Leipzig,CH,101.0,linkedin
10189,2026-03-30 17:18:51,82,s_82_7_3756,apple_pay,completed,Frankfurt,AT,447.5,affiliate
10618,2026-03-30 19:11:43,265,s_265_0_6838,paypal,completed,Berlin,DE,1408.0,direct
10440,2026-03-30 19:42:39,181,s_181_9_9406,paypal,completed,Zürich,AT,529.2,linkedin
10458,2026-03-30 20:18:40,189,s_189_3_3659,apple_pay,completed,Dresden,AT,86.0,google
10587,2026-03-30 21:05:08,252,s_252_4_2869,apple_pay,completed,München,CH,672.6,newsletter
10065,2026-03-30 21:56:32,26,s_26_6_9432,klarna,completed,Zürich,DE,1247.0,google
10210,2026-03-30 22:58:33,89,s_89_11_1617,apple_pay,completed,Wien,AT,519.7,linkedin
10598,2026-03-31 00:00:58,257,s_257_8_2183,paypal,cancelled,Zürich,AT,183.6,google
10095,2026-03-31 06:22:07,42,s_42_1_4131,invoice,completed,Hamburg,DE,952.2,linkedin
10389,2026-03-31 08:11:23,161,s_161_4_5224,apple_pay,completed,Dresden,CH,1400.3,linkedin
10308,2026-03-31 09:50:45,126,s_126_4_4565,card,completed,Wien,CH,2288.0,newsletter
10631,2026-03-31 10:24:45,270,s_270_2_7382,apple_pay,completed,Dresden,AT,247.4,direct
10011,2026-03-31 12:34:59,4,s_4_6_5727,apple_pay,completed,Zürich,CH,77.0,instagram
10432,2026-03-31 13:15:34,178,s_178_6_9014,klarna,completed,Dresden,AT,1766.7,instagram
10652,2026-03-31 16:07:25,279,s_279_4_3748,apple_pay,completed,Zürich,AT,4112.0,instagram
10039,2026-03-31 20:03:28,17,s_17_20_1401,apple_pay,cancelled,Hamburg,CH,1251.0,newsletter
10355,2026-03-31 20:57:33,145,s_145_4_2216,paypal,completed,Wien,CH,2266.0,linkedin
10685,2026-03-31 21:27:04,290,s_290_6_1681,invoice,completed,Wien,AT,2244.6,google
10129,2026-04-01 00:24:24,56,s_56_9_8879,klarna,completed,Stuttgart,DE,443.65,newsletter
10239,2026-04-01 02:49:02,101,s_101_2_4339,apple_pay,completed,Stuttgart,CH,1144.0,linkedin
10369,2026-04-01 03:20:05,152,s_152_4_1089,invoice,completed,Stuttgart,DE,631.8,newsletter
10225,2026-04-01 03:39:28,95,s_95_0_2698,paypal,completed,Berlin,DE,5028.15,linkedin
10297,2026-04-01 04:07:08,122,s_122_13_1965,apple_pay,completed,Zürich,AT,862.4,affiliate
10661,2026-04-01 04:22:54,281,s_281_8_3481,paypal,completed,Stuttgart,AT,1458.0,linkedin
10504,2026-04-01 05:41:23,210,s_210_5_4156,paypal,completed,München,CH,1553.0,direct
10093,2026-04-01 08:55:44,41,s_41_8_5916,card,completed,Hamburg,DE,2041.2,google
10263,2026-04-01 15:33:49,111,s_111_6_9750,klarna,cancelled,Frankfurt,CH,2384.5,linkedin
10694,2026-04-01 17:01:04,293,s_293_4_9800,klarna,completed,Stuttgart,AT,293.4,affiliate
10424,2026-04-01 17:42:43,175,s_175_5_9529,apple_pay,completed,München,CH,761.6,instagram
10290,2026-04-01 19:00:55,120,s_120_3_7741,apple_pay,completed,Frankfurt,AT,555.0,google
10316,2026-04-01 19:13:24,129,s_129_0_9814,klarna,completed,Wien,AT,1151.0,google
10400,2026-04-01 23:35:06,166,s_166_1_3959,paypal,completed,Frankfurt,DE,2064.0,newsletter
10488,2026-04-02 01:57:23,204,s_204_6_3066,card,completed,Stuttgart,CH,806.4,newsletter
10313,2026-04-02 02:11:05,128,s_128_4_1027,card,completed,Hamburg,DE,340.1,linkedin
10596,2026-04-02 05:28:23,255,s_255_2_5092,card,completed,Zürich,DE,466.0,instagram
10388,2026-04-02 06:12:32,161,s_161_3_3425,paypal,completed,Frankfurt,CH,4834.8,affiliate
10168,2026-04-02 07:44:41,73,s_73_5_6660,card,completed,Leipzig,AT,2460.4,direct
10583,2026-04-02 08:39:14,251,s_251_2_2883,apple_pay,completed,Köln,DE,1425.65,google
10112,2026-04-02 09:23:40,49,s_49_2_7415,klarna,completed,Stuttgart,CH,1226.0,affiliate
10147,2026-04-02 09:56:46,64,s_64_10_5936,apple_pay,completed,Dresden,AT,115.0,instagram
10177,2026-04-02 10:24:38,78,s_78_11_3739,paypal,completed,Dresden,AT,2072.0,newsletter
10459,2026-04-02 14:58:44,189,s_189_8_8799,paypal,completed,München,DE,672.6,google
10568,2026-04-02 16:21:14,238,s_238_8_6117,klarna,cancelled,Stuttgart,AT,2147.0,linkedin
10336,2026-04-02 17:58:25,137,s_137_6_9272,invoice,completed,Köln,DE,960.0,affiliate
10506,2026-04-02 22:18:20,213,s_213_0_9362,klarna,completed,Leipzig,CH,293.4,google
10606,2026-04-03 01:58:10,260,s_260_2_7058,card,completed,Stuttgart,CH,5114.0,newsletter
10603,2026-04-03 03:57:38,259,s_259_3_6231,invoice,completed,Berlin,DE,1305.5,affiliate
10024,2026-04-03 04:01:51,8,s_8_11_5401,klarna,completed,Stuttgart,AT,2245.55,instagram
10624,2026-04-03 04:17:04,267,s_267_3_7212,card,completed,Zürich,CH,707.2,instagram
10142,2026-04-03 04:44:31,63,s_63_3_5103,apple_pay,completed,Frankfurt,DE,849.9,newsletter
10158,2026-04-03 05:20:20,69,s_69_5_5087,klarna,completed,Hamburg,DE,5711.4,linkedin
10005,2026-04-03 05:32:09,2,s_2_6_3158,apple_pay,completed,Leipzig,AT,650.2,linkedin
10278,2026-04-03 09:38:44,117,s_117_0_1921,paypal,completed,München,DE,3852.2,instagram
10206,2026-04-03 12:27:30,89,s_89_3_4066,paypal,completed,Hamburg,AT,1570.0,instagram
10597,2026-04-03 13:57:53,257,s_257_4_5244,klarna,completed,Köln,DE,3026.8,instagram
10451,2026-04-03 15:39:10,185,s_185_2_2231,apple_pay,completed,Hamburg,DE,1603.1,newsletter
10601,2026-04-03 15:46:28,258,s_258_9_3328,apple_pay,completed,Wien,CH,1336.4,instagram
10526,2026-04-03 16:26:57,222,s_222_2_2639,invoice,completed,Hamburg,CH,1971.6,instagram
10326,2026-04-03 16:57:22,131,s_131_8_2600,paypal,completed,Leipzig,DE,1438.2,linkedin
10654,2026-04-03 17:21:00,280,s_280_2_6888,card,completed,Wien,AT,622.0,linkedin
10450,2026-04-03 17:46:44,185,s_185_0_2123,klarna,completed,Köln,CH,818.95,instagram
10533,2026-04-03 18:20:31,224,s_224_11_3322,invoice,completed,Hamburg,AT,6303.0,google
10117,2026-04-03 20:46:52,51,s_51_1_9001,paypal,completed,Hamburg,DE,2035.1,instagram
10212,2026-04-04 00:27:50,90,s_90_1_7848,klarna,completed,Berlin,AT,5048.1,newsletter
10508,2026-04-04 01:56:47,214,s_214_10_2152,invoice,completed,Leipzig,DE,3175.5,instagram
10438,2026-04-04 04:28:12,181,s_181_5_3718,apple_pay,completed,München,AT,351.0,direct
10494,2026-04-04 05:50:51,208,s_208_0_9341,invoice,completed,Köln,AT,247.0,affiliate
10567,2026-04-04 06:09:52,237,s_237_10_9704,paypal,completed,Köln,DE,898.45,direct
10638,2026-04-04 07:02:26,274,s_274_1_3922,paypal,completed,Stuttgart,DE,2915.65,newsletter
10198,2026-04-04 07:08:34,86,s_86_5_9388,invoice,completed,Hamburg,DE,1782.2,affiliate
10677,2026-04-04 07:14:20,288,s_288_1_1069,apple_pay,completed,München,DE,2655.3,google
10602,2026-04-04 09:52:43,258,s_258_11_9382,paypal,completed,Berlin,CH,621.3,instagram
10434,2026-04-04 11:56:02,180,s_180_0_7861,card,completed,Zürich,CH,3236.0,direct
10507,2026-04-04 12:21:00,214,s_214_7_9124,card,completed,Zürich,DE,2328.95,direct
10467,2026-04-04 12:28:34,192,s_192_14_4599,apple_pay,completed,Berlin,CH,1192.25,google
10554,2026-04-04 17:43:42,233,s_233_3_5474,invoice,completed,Hamburg,CH,880.0,newsletter
10462,2026-04-04 18:37:40,191,s_191_0_3190,invoice,completed,Leipzig,DE,2567.0,instagram
10447,2026-04-04 18:50:17,184,s_184_1_5001,paypal,completed,Köln,CH,3358.0,affiliate
10394,2026-04-04 20:20:51,162,s_162_9_4837,card,completed,Zürich,CH,617.5,affiliate
10029,2026-04-04 20:42:28,11,s_11_4_7872,invoice,completed,Zürich,AT,5733.0,affiliate
10700,2026-04-04 21:11:23,297,s_297_5_2816,klarna,completed,Hamburg,AT,354.35,affiliate
10439,2026-04-04 21:13:15,181,s_181_8_6966,apple_pay,completed,Wien,AT,1112.85,google
10468,2026-04-04 23:28:34,193,s_193_3_8727,invoice,completed,Dresden,DE,317.3,google
10482,2026-04-04 23:45:26,202,s_202_4_8148,apple_pay,completed,Zürich,AT,294.1,affiliate
10331,2026-04-05 02:10:26,135,s_135_2_3840,invoice,completed,Leipzig,DE,177.0,newsletter
10347,2026-04-05 02:44:36,143,s_143_1_3630,invoice,completed,Leipzig,CH,242.7,instagram
10635,2026-04-05 02:46:39,271,s_271_4_7190,paypal,completed,München,CH,866.0,linkedin
10045,2026-04-05 03:16:54,20,s_20_2_6226,paypal,completed,Köln,AT,260.0,affiliate
10019,2026-04-05 05:46:11,7,s_7_3_7614,klarna,completed,Berlin,CH,2352.0,linkedin
10238,2026-04-05 09:42:57,100,s_100_13_4792,paypal,completed,Stuttgart,DE,237.0,instagram
10660,2026-04-05 12:58:22,281,s_281_7_2043,apple_pay,completed,Leipzig,CH,737.0,google
10264,2026-04-05 13:48:23,112,s_112_2_1161,card,completed,Wien,CH,758.25,affiliate
10379,2026-04-05 16:23:13,157,s_157_2_7744,klarna,completed,Zürich,DE,558.0,direct
10407,2026-04-05 17:56:04,168,s_168_0_4255,paypal,completed,Hamburg,DE,1210.3,instagram
10600,2026-04-05 18:14:12,258,s_258_5_8701,card,returned,Leipzig,DE,716.7,google
10287,2026-04-05 18:15:46,119,s_119_13_6544,paypal,completed,Stuttgart,CH,7381.7,instagram
10149,2026-04-05 21:18:19,65,s_65_3_2754,apple_pay,returned,Leipzig,AT,292.6,instagram
10271,2026-04-06 02:53:41,114,s_114_6_8153,paypal,completed,Leipzig,DE,767.15,google
10537,2026-04-06 02:57:54,225,s_225_10_4837,apple_pay,completed,Zürich,DE,4660.2,google
10371,2026-04-06 03:59:58,152,s_152_6_9190,paypal,completed,Stuttgart,DE,158.0,affiliate
10676,2026-04-06 04:21:45,287,s_287_3_5405,paypal,returned,Zürich,CH,1571.65,affiliate
10076,2026-04-06 06:08:05,32,s_32_7_1292,paypal,completed,Dresden,AT,268.0,affiliate
10673,2026-04-06 08:21:50,286,s_286_8_7507,klarna,completed,Stuttgart,CH,78.0,google
10082,2026-04-06 08:26:42,36,s_36_2_3693,apple_pay,completed,Köln,DE,1929.2,affiliate
10664,2026-04-06 09:02:22,282,s_282_1_6284,invoice,completed,Dresden,DE,992.7,direct
10051,2026-04-06 09:12:21,21,s_21_5_1553,apple_pay,completed,München,DE,2680.95,linkedin
10025,2026-04-06 14:01:31,9,s_9_5_9568,card,completed,München,AT,2779.0,linkedin
10321,2026-04-06 16:29:40,129,s_129_5_3754,klarna,completed,Leipzig,AT,734.0,instagram
10262,2026-04-06 19:58:13,110,s_110_6_4857,paypal,completed,Frankfurt,AT,3105.3,instagram
10072,2026-04-06 20:16:50,30,s_30_8_1615,invoice,completed,Köln,AT,2025.0,newsletter
10101,2026-04-06 20:25:31,43,s_43_1_9353,card,completed,München,CH,170.2,newsletter
10498,2026-04-06 21:19:05,209,s_209_3_8330,paypal,cancelled,Leipzig,AT,745.75,instagram
10354,2026-04-06 22:56:53,144,s_144_7_3280,paypal,completed,Wien,CH,1667.0,affiliate
10345,2026-04-07 03:59:12,141,s_141_7_1758,card,completed,Berlin,DE,2257.3,newsletter
10397,2026-04-07 05:47:59,165,s_165_2_8165,invoice,completed,Dresden,AT,353.6,google
10534,2026-04-07 06:00:25,225,s_225_0_4205,paypal,completed,Wien,AT,475.0,instagram
10500,2026-04-07 06:44:47,209,s_209_5_9068,card,returned,Berlin,CH,966.0,direct
10154,2026-04-07 08:12:57,68,s_68_0_1757,card,returned,Köln,DE,1089.2,direct
10485,2026-04-07 09:22:52,203,s_203_0_9852,apple_pay,completed,Leipzig,AT,1245.0,direct
10437,2026-04-07 10:57:09,180,s_180_7_6868,klarna,completed,Frankfurt,CH,2244.6,direct
10525,2026-04-07 11:30:28,221,s_221_3_1007,apple_pay,completed,Stuttgart,AT,679.8,google
10285,2026-04-07 11:42:26,119,s_119_1_3556,paypal,completed,Dresden,DE,3470.6,affiliate
10283,2026-04-07 13:19:11,118,s_118_12_4755,klarna,completed,Dresden,AT,1020.45,affiliate
10561,2026-04-07 15:12:26,236,s_236_1_6568,klarna,returned,Berlin,DE,2993.0,newsletter
10055,2026-04-07 15:26:29,22,s_22_6_3855,card,completed,Zürich,AT,716.0,newsletter
10421,2026-04-07 17:43:23,173,s_173_5_8246,klarna,completed,Köln,DE,1647.4,google
10270,2026-04-07 18:09:08,114,s_114_4_5590,paypal,completed,Dresden,AT,3280.5,instagram
10086,2026-04-07 18:15:59,39,s_39_10_6105,paypal,completed,Berlin,AT,692.0,linkedin
10077,2026-04-07 18:24:12,32,s_32_10_4655,klarna,completed,Wien,AT,4077.0,google
10054,2026-04-07 23:40:27,22,s_22_4_8584,paypal,returned,Hamburg,AT,5155.3,newsletter
10073,2026-04-07 23:45:14,31,s_31_7_2508,paypal,completed,Zürich,AT,317.05,affiliate
10649,2026-04-08 02:08:22,277,s_277_7_6650,paypal,completed,Wien,CH,69.3,instagram
10255,2026-04-08 03:56:28,107,s_107_13_3091,invoice,completed,Wien,CH,5363.25,direct
10134,2026-04-08 05:15:39,59,s_59_1_8229,card,completed,München,AT,2266.75,linkedin
10546,2026-04-08 08:05:43,229,s_229_3_2829,klarna,completed,Wien,DE,216.0,direct
10381,2026-04-08 09:52:23,157,s_157_9_5275,apple_pay,cancelled,Wien,AT,1926.2,linkedin
10104,2026-04-08 10:05:14,43,s_43_7_9367,klarna,completed,Köln,DE,797.3,instagram
10639,2026-04-08 12:23:57,274,s_274_7_6039,klarna,completed,Stuttgart,CH,357.9,newsletter
10079,2026-04-08 13:27:12,34,s_34_2_1661,klarna,completed,Köln,CH,4085.3,google
10463,2026-04-08 14:59:14,191,s_191_6_9103,klarna,completed,Dresden,DE,584.0,newsletter
10690,2026-04-08 16:54:57,292,s_292_3_6023,klarna,completed,Leipzig,AT,1267.2,google
10236,2026-04-08 18:11:58,100,s_100_3_6560,klarna,completed,Dresden,DE,3769.0,linkedin
10027,2026-04-08 21:47:09,10,s_10_4_6306,klarna,returned,Stuttgart,CH,314.0,affiliate
10541,2026-04-09 01:51:51,226,s_226_6_4017,apple_pay,completed,Leipzig,AT,5014.2,linkedin
10334,2026-04-09 05:29:46,136,s_136_3_5286,card,completed,Stuttgart,DE,88.4,google
10478,2026-04-09 05:46:41,200,s_200_6_6774,card,completed,Stuttgart,AT,1967.0,linkedin
10362,2026-04-09 11:40:06,147,s_147_7_2720,card,completed,Stuttgart,CH,1522.4,google
10010,2026-04-09 11:48:01,4,s_4_4_3794,invoice,returned,München,AT,1200.9,linkedin
10170,2026-04-09 11:52:26,74,s_74_3_4691,invoice,completed,Zürich,CH,317.3,instagram
10535,2026-04-09 14:26:51,225,s_225_4_1409,card,returned,Stuttgart,CH,193.8,newsletter
10363,2026-04-09 15:10:13,147,s_147_8_2098,apple_pay,completed,Berlin,CH,3837.6,affiliate
10658,2026-04-09 16:30:23,281,s_281_2_3451,klarna,completed,Hamburg,DE,1413.9,newsletter
10444,2026-04-09 16:39:03,183,s_183_4_1391,apple_pay,completed,Frankfurt,AT,1035.3,instagram
10539,2026-04-09 17:42:27,226,s_226_1_3833,invoice,returned,Berlin,DE,4790.7,affiliate
10684,2026-04-09 21:15:36,290,s_290_5_8224,invoice,completed,Hamburg,CH,536.0,google
10505,2026-04-09 21:20:35,212,s_212_1_5847,invoice,completed,Köln,AT,1460.4,linkedin
10682,2026-04-09 21:48:06,289,s_289_7_7286,klarna,completed,Wien,DE,247.0,direct
10519,2026-04-09 23:18:19,219,s_219_0_7523,invoice,completed,Frankfurt,CH,779.4,affiliate
10304,2026-04-09 23:46:18,125,s_125_2_5028,card,completed,Wien,AT,237.15,direct
10614,2026-04-10 03:27:20,263,s_263_9_6531,klarna,completed,Zürich,DE,5272.8,linkedin
10621,2026-04-10 05:43:40,266,s_266_4_5822,apple_pay,completed,Berlin,CH,1082.3,affiliate
10640,2026-04-10 10:43:30,275,s_275_3_9586,apple_pay,completed,Berlin,CH,2158.8,affiliate
10144,2026-04-10 10:48:48,63,s_63_8_3162,paypal,completed,München,AT,912.0,direct
10181,2026-04-10 13:45:07,79,s_79_7_2675,invoice,completed,Wien,DE,187.0,newsletter
10203,2026-04-10 17:31:56,88,s_88_7_5612,paypal,completed,Wien,AT,2878.7,instagram
10034,2026-04-10 18:07:29,15,s_15_1_1486,paypal,completed,München,DE,672.9,direct
10513,2026-04-10 18:18:13,215,s_215_7_2599,paypal,completed,Leipzig,CH,2356.9,google
10056,2026-04-10 18:21:57,22,s_22_8_9932,invoice,returned,München,AT,178.0,newsletter
10084,2026-04-10 19:14:37,37,s_37_0_3401,card,completed,Wien,CH,198.05,instagram
10629,2026-04-10 19:34:10,268,s_268_13_3356,apple_pay,returned,Berlin,AT,1321.2,newsletter
10433,2026-04-10 19:54:23,179,s_179_1_4572,paypal,completed,Berlin,CH,2233.6,direct
10405,2026-04-10 21:08:53,167,s_167_4_8440,klarna,completed,Frankfurt,AT,1874.6,direct
10202,2026-04-10 21:14:15,88,s_88_3_9834,paypal,completed,Berlin,CH,406.5,newsletter
10457,2026-04-10 22:51:08,189,s_189_0_1668,klarna,completed,Dresden,DE,4414.9,newsletter
10511,2026-04-10 23:45:53,215,s_215_3_1774,paypal,completed,Berlin,DE,1152.35,affiliate
10496,2026-04-11 02:12:29,208,s_208_5_9610,klarna,completed,Stuttgart,DE,408.0,direct
10625,2026-04-11 03:10:34,268,s_268_7_3764,paypal,completed,Frankfurt,DE,1295.8,newsletter
10503,2026-04-11 03:19:51,210,s_210_2_8998,klarna,completed,Berlin,DE,308.3,linkedin
10413,2026-04-11 05:54:57,170,s_170_2_4707,invoice,completed,Leipzig,CH,747.1,google
10376,2026-04-11 07:06:11,155,s_155_2_5982,invoice,completed,Leipzig,DE,220.0,linkedin
10207,2026-04-11 08:25:48,89,s_89_5_9731,klarna,completed,Hamburg,DE,420.3,linkedin
10611,2026-04-11 12:13:09,260,s_260_14_2343,apple_pay,completed,München,CH,346.0,affiliate
10610,2026-04-11 12:54:19,260,s_260_10_4826,apple_pay,completed,Leipzig,DE,1269.0,linkedin
10643,2026-04-11 14:28:06,275,s_275_15_8369,invoice,returned,Hamburg,AT,230.0,linkedin
10254,2026-04-11 15:25:08,107,s_107_11_5219,apple_pay,completed,Dresden,AT,2857.0,linkedin
10322,2026-04-11 15:43:18,129,s_129_6_7406,klarna,completed,Stuttgart,DE,1032.55,google
10418,2026-04-11 21:50:32,172,s_172_2_2722,card,completed,Stuttgart,DE,934.0,direct
10361,2026-04-11 22:12:34,147,s_147_0_6625,klarna,completed,Zürich,CH,218.5,direct
10630,2026-04-11 23:46:12,269,s_269_1_6869,paypal,completed,Stuttgart,AT,894.0,google
10070,2026-04-12 00:33:35,28,s_28_3_6630,klarna,completed,Dresden,AT,2277.0,instagram
10208,2026-04-12 03:20:33,89,s_89_6_2461,invoice,returned,Zürich,CH,1692.0,newsletter
10280,2026-04-12 04:47:41,117,s_117_5_9192,invoice,completed,Köln,CH,241.3,newsletter
10123,2026-04-12 05:09:41,53,s_53_5_9330,klarna,completed,München,AT,956.0,newsletter
10248,2026-04-12 06:10:46,104,s_104_7_8177,invoice,completed,Berlin,AT,5153.5,direct
10187,2026-04-12 06:24:32,82,s_82_1_5389,card,completed,Wien,AT,1319.2,direct
10373,2026-04-12 08:26:00,153,s_153_5_4405,klarna,completed,Wien,AT,1427.0,instagram
10200,2026-04-12 08:31:26,87,s_87_4_9388,klarna,completed,Dresden,DE,1212.0,linkedin
10642,2026-04-12 10:53:37,275,s_275_9_2223,apple_pay,completed,Leipzig,CH,252.0,google
10160,2026-04-12 14:22:26,70,s_70_5_3095,klarna,returned,Hamburg,CH,822.8,direct
10269,2026-04-12 15:21:10,114,s_114_0_3066,apple_pay,completed,München,CH,30.0,newsletter
10161,2026-04-12 16:18:30,70,s_70_6_5733,klarna,completed,Zürich,CH,4870.4,affiliate
10566,2026-04-12 16:37:04,237,s_237_6_7273,paypal,cancelled,Leipzig,CH,502.6,instagram
10033,2026-04-12 17:29:47,14,s_14_4_8185,apple_pay,completed,Stuttgart,AT,2900.2,direct
10012,2026-04-12 18:37:03,4,s_4_8_3618,invoice,completed,Hamburg,AT,2298.0,google
10695,2026-04-12 18:53:57,293,s_293_7_6966,paypal,completed,München,CH,851.2,newsletter
10232,2026-04-12 19:42:25,98,s_98_4_1095,card,returned,Wien,CH,2157.3,google
10573,2026-04-12 20:42:02,243,s_243_3_9137,apple_pay,completed,Wien,AT,2510.0,newsletter
10675,2026-04-12 21:26:59,287,s_287_1_8454,apple_pay,completed,München,AT,4140.0,linkedin
10105,2026-04-13 02:01:30,44,s_44_1_1911,invoice,completed,Frankfurt,DE,2870.6,instagram
10420,2026-04-13 02:09:08,173,s_173_3_8577,card,completed,Dresden,CH,2245.8,affiliate
10102,2026-04-13 02:27:58,43,s_43_3_6162,card,completed,Stuttgart,DE,2321.1,linkedin
10699,2026-04-13 04:20:44,295,s_295_4_6197,invoice,completed,Dresden,AT,4880.0,instagram
10352,2026-04-13 04:26:58,144,s_144_1_1911,card,completed,Zürich,DE,3768.0,newsletter
10141,2026-04-13 05:12:16,62,s_62_0_4645,klarna,completed,Dresden,DE,923.4,newsletter
10258,2026-04-13 07:41:47,109,s_109_3_3766,invoice,completed,Dresden,AT,4589.6,newsletter
10667,2026-04-13 09:08:00,282,s_282_6_8013,klarna,completed,Stuttgart,AT,2554.6,linkedin
10087,2026-04-13 12:44:25,39,s_39_11_8652,klarna,cancelled,Leipzig,CH,543.4,linkedin
10298,2026-04-13 13:30:41,123,s_123_2_3846,paypal,completed,Berlin,DE,3239.3,affiliate
10048,2026-04-13 14:49:51,20,s_20_11_7412,card,completed,Leipzig,AT,1113.2,newsletter
10592,2026-04-13 15:07:49,254,s_254_5_9792,apple_pay,completed,Zürich,DE,1570.0,direct
10057,2026-04-13 15:29:05,22,s_22_9_5990,paypal,completed,Stuttgart,AT,751.6,affiliate
10016,2026-04-13 16:25:58,6,s_6_0_1863,card,completed,Leipzig,CH,666.0,instagram
10085,2026-04-13 17:29:26,37,s_37_5_9237,apple_pay,completed,Stuttgart,DE,822.7,affiliate
10317,2026-04-13 18:14:41,129,s_129_1_7969,apple_pay,completed,Hamburg,DE,2276.2,affiliate
10683,2026-04-14 02:12:18,289,s_289_10_3468,card,completed,Zürich,DE,363.0,newsletter
10441,2026-04-14 02:22:02,181,s_181_11_6833,paypal,completed,Stuttgart,DE,1194.1,affiliate
10435,2026-04-14 03:10:19,180,s_180_1_7278,paypal,returned,Stuttgart,DE,102.6,linkedin
10299,2026-04-14 03:48:02,124,s_124_1_5967,klarna,completed,Wien,CH,4392.0,affiliate
10678,2026-04-14 04:10:40,288,s_288_2_4140,klarna,completed,Leipzig,AT,2124.35,affiliate
10704,2026-04-14 07:08:35,300,s_300_14_4265,card,completed,München,AT,704.0,instagram
10060,2026-04-14 07:35:22,24,s_24_7_1474,card,completed,Stuttgart,CH,2412.0,google
10367,2026-04-14 12:52:20,151,s_151_1_7409,invoice,completed,Zürich,AT,8268.0,instagram
10218,2026-04-14 13:04:16,91,s_91_7_9422,apple_pay,completed,Köln,DE,2924.0,affiliate
10153,2026-04-14 16:23:16,67,s_67_9_8900,klarna,completed,Dresden,DE,3334.8,affiliate
10509,2026-04-14 18:08:30,215,s_215_1_3833,klarna,cancelled,Berlin,AT,679.7,direct
10310,2026-04-14 19:41:07,127,s_127_2_9681,apple_pay,completed,Leipzig,AT,366.0,newsletter
10279,2026-04-14 23:00:21,117,s_117_2_8926,apple_pay,returned,München,CH,1565.0,affiliate
10466,2026-04-14 23:18:49,192,s_192_4_2136,card,completed,Wien,DE,311.1,affiliate
10632,2026-04-14 23:31:26,271,s_271_0_1920,invoice,completed,Zürich,AT,186.0,instagram
10169,2026-04-14 23:41:39,74,s_74_0_7507,card,cancelled,Stuttgart,DE,1609.0,affiliate
10475,2026-04-14 23:44:00,198,s_198_1_9174,invoice,completed,Wien,AT,5571.2,google
10549,2026-04-14 23:54:19,230,s_230_5_1834,invoice,completed,Hamburg,DE,431.0,google
10670,2026-04-15 00:21:08,285,s_285_7_4361,apple_pay,completed,Berlin,DE,363.2,newsletter
10205,2026-04-15 01:08:57,89,s_89_2_1496,paypal,completed,Dresden,CH,863.6,direct
10702,2026-04-15 04:50:42,299,s_299_7_4360,apple_pay,completed,Frankfurt,AT,227.8,instagram
10121,2026-04-15 07:45:39,53,s_53_0_2972,invoice,completed,Wien,AT,3997.8,linkedin
10099,2026-04-15 08:30:46,42,s_42_10_6136,paypal,cancelled,Wien,CH,404.6,linkedin
10091,2026-04-15 09:06:49,41,s_41_3_6262,apple_pay,completed,Köln,AT,3566.7,instagram
10650,2026-04-15 10:00:57,278,s_278_6_9461,apple_pay,completed,Frankfurt,CH,803.7,direct
10328,2026-04-15 11:09:44,132,s_132_5_1709,klarna,completed,Berlin,CH,1452.55,instagram
10090,2026-04-15 13:25:42,41,s_41_2_1455,card,completed,Stuttgart,DE,118.75,affiliate
10020,2026-04-15 13:43:12,7,s_7_4_9084,apple_pay,completed,Dresden,AT,399.0,google
10217,2026-04-15 18:17:01,91,s_91_2_7079,card,completed,Stuttgart,AT,995.4,google
10662,2026-04-15 20:02:16,281,s_281_9_8089,paypal,completed,Frankfurt,CH,862.0,google
10644,2026-04-15 20:28:08,276,s_276_1_7246,apple_pay,completed,Dresden,AT,722.2,newsletter
10265,2026-04-15 20:55:10,112,s_112_4_5933,card,completed,Dresden,AT,466.0,linkedin
10442,2026-04-15 21:11:55,181,s_181_12_8540,invoice,completed,Hamburg,CH,1132.6,instagram
10188,2026-04-15 22:02:10,82,s_82_4_7935,paypal,completed,Frankfurt,CH,1613.0,newsletter
10013,2026-04-16 06:04:48,5,s_5_4_8161,apple_pay,completed,Frankfurt,DE,826.4,affiliate
10608,2026-04-16 06:13:07,260,s_260_5_3570,klarna,cancelled,Köln,AT,704.0,affiliate
10689,2026-04-16 10:45:26,292,s_292_2_7413,apple_pay,completed,Frankfurt,DE,2459.1,newsletter
10393,2026-04-16 11:53:31,162,s_162_4_8561,paypal,completed,Leipzig,CH,1363.8,newsletter
10040,2026-04-16 12:23:23,18,s_18_1_5811,paypal,completed,Leipzig,CH,2430.0,direct
10257,2026-04-16 12:35:10,108,s_108_9_6360,klarna,completed,Wien,AT,2287.1,newsletter
10380,2026-04-16 14:53:50,157,s_157_4_8548,card,cancelled,Stuttgart,AT,2872.6,linkedin
10590,2026-04-16 16:55:52,253,s_253_10_1659,card,completed,Dresden,AT,758.0,google
10272,2026-04-16 18:30:35,114,s_114_12_1224,klarna,completed,Berlin,DE,948.1,direct
10224,2026-04-16 19:39:11,94,s_94_6_9530,klarna,completed,Hamburg,DE,3381.9,instagram
10199,2026-04-16 20:32:50,87,s_87_3_8686,paypal,completed,Frankfurt,AT,2924.0,google
10422,2026-04-16 20:53:08,174,s_174_2_4627,paypal,completed,Hamburg,DE,3970.2,affiliate
10536,2026-04-16 21:45:14,225,s_225_7_1744,klarna,completed,Stuttgart,AT,1185.6,newsletter
10166,2026-04-16 22:46:20,73,s_73_0_4809,paypal,returned,Wien,CH,3742.0,direct
10294,2026-04-16 23:27:45,122,s_122_9_4625,card,completed,Wien,CH,894.0,instagram
10701,2026-04-16 23:53:07,298,s_298_1_2360,invoice,completed,Hamburg,AT,1141.0,direct
10619,2026-04-17 01:04:33,265,s_265_9_4681,invoice,completed,Berlin,CH,1103.4,affiliate
10510,2026-04-17 03:17:17,215,s_215_2_3808,invoice,completed,Frankfurt,AT,99.45,direct
10387,2026-04-17 04:33:46,159,s_159_12_8735,card,completed,Frankfurt,AT,419.9,google
10192,2026-04-17 04:42:32,84,s_84_0_2865,invoice,completed,München,DE,193.35,linkedin
10191,2026-04-17 06:28:07,83,s_83_0_5769,invoice,completed,Stuttgart,CH,2634.2,affiliate
10609,2026-04-17 11:41:58,260,s_260_7_2625,apple_pay,completed,Hamburg,DE,3876.7,newsletter
10324,2026-04-17 14:31:08,130,s_130_1_5034,invoice,completed,Leipzig,AT,6488.6,google
10398,2026-04-17 16:23:43,165,s_165_4_5557,card,completed,Köln,CH,3274.65,affiliate
10657,2026-04-17 21:43:47,280,s_280_7_7221,invoice,completed,München,CH,1596.2,linkedin
10390,2026-04-17 21:53:21,161,s_161_11_3669,paypal,completed,Stuttgart,DE,5003.2,newsletter
10128,2026-04-18 01:05:56,56,s_56_8_8305,klarna,completed,München,AT,1306.8,direct
10196,2026-04-18 04:02:39,85,s_85_6_7314,card,completed,Frankfurt,DE,2649.8,linkedin
10520,2026-04-18 12:36:08,219,s_219_8_9263,apple_pay,completed,Hamburg,CH,474.3,affiliate
10404,2026-04-18 18:22:02,167,s_167_2_5641,card,completed,Wien,AT,241.3,instagram
10623,2026-04-18 21:10:57,266,s_266_14_9019,apple_pay,completed,Köln,AT,42.0,affiliate
10197,2026-04-18 23:07:28,85,s_85_11_9600,klarna,completed,Dresden,DE,2533.1,direct
10089,2026-04-19 00:44:39,40,s_40_3_8127,paypal,completed,Stuttgart,DE,3324.0,direct
10120,2026-04-19 04:38:31,52,s_52_6_2819,card,cancelled,Zürich,DE,39.0,affiliate
10646,2026-04-19 05:19:20,276,s_276_11_7815,invoice,completed,Stuttgart,CH,227.8,direct
10183,2026-04-19 07:00:03,80,s_80_1_8684,card,completed,Köln,CH,2152.7,instagram
10119,2026-04-19 07:49:41,52,s_52_2_5837,card,completed,Zürich,DE,3764.0,instagram
10030,2026-04-19 09:22:24,11,s_11_7_2136,paypal,completed,Stuttgart,DE,3203.35,instagram
10133,2026-04-19 11:31:12,58,s_58_8_4104,apple_pay,cancelled,Hamburg,AT,120.7,linkedin
10088,2026-04-19 15:55:19,40,s_40_1_3195,paypal,completed,Zürich,CH,1934.1,affiliate
10472,2026-04-19 17:20:07,194,s_194_3_2228,klarna,completed,Zürich,AT,351.0,linkedin
10001,2026-04-19 19:43:57,1,s_1_0_8132,invoice,completed,Hamburg,AT,1099.9,instagram
10209,2026-04-19 22:12:21,89,s_89_9_7547,paypal,completed,Zürich,AT,819.8,google
10550,2026-04-19 22:45:31,231,s_231_9_7014,invoice,completed,Köln,CH,15.0,linkedin
10452,2026-04-20 03:37:46,185,s_185_3_9524,card,completed,Berlin,DE,172.55,direct
10342,2026-04-20 04:14:19,140,s_140_8_6232,paypal,completed,Frankfurt,AT,102.0,google
10174,2026-04-20 07:07:42,77,s_77_3_1412,invoice,completed,Leipzig,DE,1417.0,affiliate
10003,2026-04-20 09:54:33,1,s_1_7_4163,apple_pay,completed,Dresden,CH,3975.1,linkedin
10414,2026-04-20 10:07:03,170,s_170_3_5791,apple_pay,completed,Frankfurt,AT,601.8,newsletter
10002,2026-04-20 15:22:23,1,s_1_4_3349,klarna,completed,Frankfurt,AT,574.0,affiliate
10666,2026-04-20 18:02:43,282,s_282_4_6620,card,completed,München,CH,60.0,instagram
10665,2026-04-20 19:10:42,282,s_282_2_4536,paypal,completed,Stuttgart,DE,6951.0,direct
10114,2026-04-20 20:18:17,50,s_50_5_1740,klarna,completed,Wien,AT,1052.65,google
10484,2026-04-20 21:04:09,202,s_202_9_9053,klarna,completed,Berlin,CH,866.0,linkedin
10636,2026-04-20 22:53:00,273,s_273_0_5748,card,completed,Stuttgart,CH,1408.0,newsletter
10303,2026-04-21 00:08:41,125,s_125_1_7876,invoice,completed,Leipzig,AT,1882.0,google
10259,2026-04-21 00:11:43,110,s_110_1_8121,apple_pay,completed,Leipzig,DE,241.3,affiliate
10471,2026-04-21 00:24:47,194,s_194_2_8007,apple_pay,completed,Berlin,CH,2308.0,affiliate
